Year,ReporterName,PartnerName,TradeFlowName,TradeValue in 1000 USD
1990,China,India,Export,4276601
1990,China,India,Import,1838587
1990,China,Brazil,Export,2531694
1990,China,Brazil,Import,10506179
1990,China,Mexico,Export,3121669
1990,China,Mexico,Import,1871915
1990,China,Vietnam,Export,5319544
1990,China,Vietnam,Import,3670441
1990,China,USA,Export,15004718
1990,China,USA,Import,11311794
1990,India,China,Export,1812601
1990,India,China,Import,4110657
1990,India,Brazil,Export,1887678
1990,India,Brazil,Import,1895705
1990,India,Mexico,Export,1831816
1990,India,Mexico,Import,1836809
1990,India,Vietnam,Export,1757625
1990,India,Vietnam,Import,1840539
1990,India,USA,Export,6954277
1990,India,USA,Import,3348945
1990,Brazil,China,Export,10756912
1990,Brazil,China,Import,2599654
1990,Brazil,India,Export,1950488
1990,Brazil,India,Import,1893170
1990,Brazil,Mexico,Export,2014728
1990,Brazil,Mexico,Import,2039706
1990,Brazil,Vietnam,Export,1762210
1990,Brazil,Vietnam,Import,1804894
1990,Brazil,USA,Export,3867335
1990,Brazil,USA,Import,3808467
1990,Mexico,China,Export,1922273
1990,Mexico,China,Import,3085650
1990,Mexico,India,Export,1804508
1990,Mexico,India,Import,1803361
1990,Mexico,Brazil,Export,2052589
1990,Mexico,Brazil,Import,2024827
1990,Mexico,Vietnam,Export,1749028
1990,Mexico,Vietnam,Import,1776232
1990,Mexico,USA,Export,51350712
1990,Mexico,USA,Import,26186880
1990,Vietnam,China,Export,3677001
1990,Vietnam,China,Import,5394920
1990,Vietnam,India,Export,1799942
1990,Vietnam,India,Import,1787557
1990,Vietnam,Brazil,Export,1751303
1990,Vietnam,Brazil,Import,1777115
1990,Vietnam,Mexico,Export,1833989
1990,Vietnam,Mexico,Import,1742611
1990,Vietnam,USA,Export,5475707
1990,Vietnam,USA,Import,1805164
1990,USA,China,Export,11437561
1990,USA,China,Import,15045692
1990,USA,India,Export,3257332
1990,USA,India,Import,6899689
1990,USA,Brazil,Export,3838813
1990,USA,Brazil,Import,3875433
1990,USA,Mexico,Export,27114446
1990,USA,Mexico,Import,49403141
1990,USA,Vietnam,Export,1820163
1990,USA,Vietnam,Import,5287092
1991,China,India,Export,5057223
1991,China,India,Import,1985846
1991,China,Brazil,Export,3009812
1991,China,Brazil,Import,11351052
1991,China,Mexico,Export,3678166
1991,China,Mexico,Import,2023963
1991,China,Vietnam,Export,6513817
1991,China,Vietnam,Import,4345716
1991,China,USA,Export,17877325
1991,China,USA,Import,12449335
1991,India,China,Export,1867952
1991,India,China,Import,4951617
1991,India,Brazil,Export,2040747
1991,India,Brazil,Import,2082612
1991,India,Mexico,Export,1976509
1991,India,Mexico,Import,1930813
1991,India,Vietnam,Export,1873283
1991,India,Vietnam,Import,1907645
1991,India,USA,Export,7529428
1991,India,USA,Import,3506963
1991,Brazil,China,Export,10932903
1991,Brazil,China,Import,3013910
1991,Brazil,India,Export,2024552
1991,Brazil,India,Import,2112204
1991,Brazil,Mexico,Export,2114625
1991,Brazil,Mexico,Import,2101632
1991,Brazil,Vietnam,Export,1870327
1991,Brazil,Vietnam,Import,1899176
1991,Brazil,USA,Export,4199026
1991,Brazil,USA,Import,4143071
1991,Mexico,China,Export,2044475
1991,Mexico,China,Import,3693155
1991,Mexico,India,Export,1889335
1991,Mexico,India,Import,1892000
1991,Mexico,Brazil,Export,2138569
1991,Mexico,Brazil,Import,2092338
1991,Mexico,Vietnam,Export,1852084
1991,Mexico,Vietnam,Import,1943913
1991,Mexico,USA,Export,55373985
1991,Mexico,USA,Import,28322612
1991,Vietnam,China,Export,4343188
1991,Vietnam,China,Import,6488837
1991,Vietnam,India,Export,1956059
1991,Vietnam,India,Import,1893170
1991,Vietnam,Brazil,Export,1915417
1991,Vietnam,Brazil,Import,1890459
1991,Vietnam,Mexico,Export,1917910
1991,Vietnam,Mexico,Import,1911949
1991,Vietnam,USA,Export,6207440
1991,Vietnam,USA,Import,1857876
1991,USA,China,Export,12323155
1991,USA,China,Import,17711803
1991,USA,India,Export,3595267
1991,USA,India,Import,7556292
1991,USA,Brazil,Export,4319128
1991,USA,Brazil,Import,4101407
1991,USA,Mexico,Export,28568349
1991,USA,Mexico,Import,54900330
1991,USA,Vietnam,Export,1873859
1991,USA,Vietnam,Import,6281975
1992,China,India,Export,6435105
1992,China,India,Import,2031336
1992,China,Brazil,Export,3671222
1992,China,Brazil,Import,12075581
1992,China,Mexico,Export,4723126
1992,China,Mexico,Import,2297216
1992,China,Vietnam,Export,8082999
1992,China,Vietnam,Import,5139011
1992,China,USA,Export,22709207
1992,China,USA,Import,13696624
1992,India,China,Export,2083869
1992,India,China,Import,6169580
1992,India,Brazil,Export,2269197
1992,India,Brazil,Import,2196773
1992,India,Mexico,Export,2056363
1992,India,Mexico,Import,2109186
1992,India,Vietnam,Export,2001099
1992,India,Vietnam,Import,2129189
1992,India,USA,Export,8572973
1992,India,USA,Import,4138155
1992,Brazil,China,Export,12187308
1992,Brazil,China,Import,3792935
1992,Brazil,India,Export,2222620
1992,Brazil,India,Import,2387515
1992,Brazil,Mexico,Export,2271440
1992,Brazil,Mexico,Import,2263515
1992,Brazil,Vietnam,Export,1960266
1992,Brazil,Vietnam,Import,2076195
1992,Brazil,USA,Export,4633652
1992,Brazil,USA,Import,4873505
1992,Mexico,China,Export,2188495
1992,Mexico,China,Import,4634522
1992,Mexico,India,Export,2013365
1992,Mexico,India,Import,2061383
1992,Mexico,Brazil,Export,2395519
1992,Mexico,Brazil,Import,2328787
1992,Mexico,Vietnam,Export,1945005
1992,Mexico,Vietnam,Import,2082270
1992,Mexico,USA,Export,58115225
1992,Mexico,USA,Import,33177698
1992,Vietnam,China,Export,5209564
1992,Vietnam,China,Import,8239767
1992,Vietnam,India,Export,2067620
1992,Vietnam,India,Import,2022159
1992,Vietnam,Brazil,Export,2039839
1992,Vietnam,Brazil,Import,1995939
1992,Vietnam,Mexico,Export,1980547
1992,Vietnam,Mexico,Import,2080004
1992,Vietnam,USA,Export,7676882
1992,Vietnam,USA,Import,2010493
1992,USA,China,Export,13915440
1992,USA,China,Import,22586227
1992,USA,India,Export,4010878
1992,USA,India,Import,8288834
1992,USA,Brazil,Export,4836862
1992,USA,Brazil,Import,4436214
1992,USA,Mexico,Export,31632366
1992,USA,Mexico,Import,57433218
1992,USA,Vietnam,Export,2035347
1992,USA,Vietnam,Import,7672428
1993,China,India,Export,7810340
1993,China,India,Import,2270307
1993,China,Brazil,Export,4874608
1993,China,Brazil,Import,13780605
1993,China,Mexico,Export,6129832
1993,China,Mexico,Import,2472953
1993,China,Vietnam,Export,9940880
1993,China,Vietnam,Import,6604479
1993,China,USA,Export,29080276
1993,China,USA,Import,15226652
1993,India,China,Export,2391464
1993,India,China,Import,8091014
1993,India,Brazil,Export,2687564
1993,India,Brazil,Import,2476793
1993,India,Mexico,Export,2424041
1993,India,Mexico,Import,2327963
1993,India,Vietnam,Export,2276600
1993,India,Vietnam,Import,2283574
1993,India,USA,Export,9606799
1993,India,USA,Import,4585983
1993,Brazil,China,Export,13626409
1993,Brazil,China,Import,4885536
1993,Brazil,India,Export,2468536
1993,Brazil,India,Import,2698657
1993,Brazil,Mexico,Export,2604704
1993,Brazil,Mexico,Import,2570588
1993,Brazil,Vietnam,Export,2141496
1993,Brazil,Vietnam,Import,2296936
1993,Brazil,USA,Export,5185859
1993,Brazil,USA,Import,5277922
1993,Mexico,China,Export,2458892
1993,Mexico,China,Import,5878377
1993,Mexico,India,Export,2229452
1993,Mexico,India,Import,2282523
1993,Mexico,Brazil,Export,2520152
1993,Mexico,Brazil,Import,2613017
1993,Mexico,Vietnam,Export,2164026
1993,Mexico,Vietnam,Import,2269285
1993,Mexico,USA,Export,63691409
1993,Mexico,USA,Import,36367758
1993,Vietnam,China,Export,6646137
1993,Vietnam,China,Import,9918395
1993,Vietnam,India,Export,2296222
1993,Vietnam,India,Import,2303231
1993,Vietnam,Brazil,Export,2194281
1993,Vietnam,Brazil,Import,2170257
1993,Vietnam,Mexico,Export,2193452
1993,Vietnam,Mexico,Import,2248359
1993,Vietnam,USA,Export,9932644
1993,Vietnam,USA,Import,2201812
1993,USA,China,Export,15739985
1993,USA,China,Import,28159712
1993,USA,India,Export,4455006
1993,USA,India,Import,9762876
1993,USA,Brazil,Export,5216728
1993,USA,Brazil,Import,4934343
1993,USA,Mexico,Export,36660402
1993,USA,Mexico,Import,64500536
1993,USA,Vietnam,Export,2146796
1993,USA,Vietnam,Import,9585595
1994,China,India,Export,9992877
1994,China,India,Import,2522951
1994,China,Brazil,Export,5902434
1994,China,Brazil,Import,15732235
1994,China,Mexico,Export,7242776
1994,China,Mexico,Import,2853045
1994,China,Vietnam,Export,12353511
1994,China,Vietnam,Import,7925150
1994,China,USA,Export,35326500
1994,China,USA,Import,18327335
1994,India,China,Export,2569734
1994,India,China,Import,10094347
1994,India,Brazil,Export,3069515
1994,India,Brazil,Import,2836146
1994,India,Mexico,Export,2558380
1994,India,Mexico,Import,2534787
1994,India,Vietnam,Export,2505161
1994,India,Vietnam,Import,2608767
1994,India,USA,Export,10892135
1994,India,USA,Import,5317158
1994,Brazil,China,Export,15873645
1994,Brazil,China,Import,5817447
1994,Brazil,India,Export,2843785
1994,Brazil,India,Import,2952179
1994,Brazil,Mexico,Export,3002143
1994,Brazil,Mexico,Import,2911383
1994,Brazil,Vietnam,Export,2388404
1994,Brazil,Vietnam,Import,2447874
1994,Brazil,USA,Export,5761358
1994,Brazil,USA,Import,6231387
1994,Mexico,China,Export,2835724
1994,Mexico,China,Import,7224103
1994,Mexico,India,Export,2611720
1994,Mexico,India,Import,2623797
1994,Mexico,Brazil,Export,2856734
1994,Mexico,Brazil,Import,2930221
1994,Mexico,Vietnam,Export,2413978
1994,Mexico,Vietnam,Import,2365714
1994,Mexico,USA,Export,74188576
1994,Mexico,USA,Import,40466802
1994,Vietnam,China,Export,7772872
1994,Vietnam,China,Import,12439937
1994,Vietnam,India,Export,2592830
1994,Vietnam,India,Import,2457581
1994,Vietnam,Brazil,Export,2446694
1994,Vietnam,Brazil,Import,2369493
1994,Vietnam,Mexico,Export,2461420
1994,Vietnam,Mexico,Import,2382195
1994,Vietnam,USA,Export,11988120
1994,Vietnam,USA,Import,2336520
1994,USA,China,Export,17493830
1994,USA,China,Import,35405908
1994,USA,India,Export,5276989
1994,USA,India,Import,10735456
1994,USA,Brazil,Export,6247524
1994,USA,Brazil,Import,5727557
1994,USA,Mexico,Export,42527846
1994,USA,Mexico,Import,73501468
1994,USA,Vietnam,Export,2310910
1994,USA,Vietnam,Import,12089209
1995,China,India,Export,11815145
1995,China,India,Import,2948311
1995,China,Brazil,Export,7157279
1995,China,Brazil,Import,17590168
1995,China,Mexico,Export,8678797
1995,China,Mexico,Import,3144867
1995,China,Vietnam,Export,14857031
1995,China,Vietnam,Import,9726018
1995,China,USA,Export,44289793
1995,China,USA,Import,20742688
1995,India,China,Export,2834627
1995,India,China,Import,12181713
1995,India,Brazil,Export,3304617
1995,India,Brazil,Import,3157795
1995,India,Mexico,Export,2987994
1995,India,Mexico,Import,2734456
1995,India,Vietnam,Export,2762496
1995,India,Vietnam,Import,2877180
1995,India,USA,Export,12225980
1995,India,USA,Import,5939005
1995,Brazil,China,Export,17340685
1995,Brazil,China,Import,7322594
1995,Brazil,India,Export,3239207
1995,Brazil,India,Import,3455169
1995,Brazil,Mexico,Export,3241224
1995,Brazil,Mexico,Import,3155154
1995,Brazil,Vietnam,Export,2644597
1995,Brazil,Vietnam,Import,2682314
1995,Brazil,USA,Export,6220126
1995,Brazil,USA,Import,6952781
1995,Mexico,China,Export,3002783
1995,Mexico,China,Import,8722557
1995,Mexico,India,Export,2747783
1995,Mexico,India,Import,2992940
1995,Mexico,Brazil,Export,3103805
1995,Mexico,Brazil,Import,3311725
1995,Mexico,Vietnam,Export,2556330
1995,Mexico,Vietnam,Import,2617452
1995,Mexico,USA,Export,84901166
1995,Mexico,USA,Import,48096443
1995,Vietnam,China,Export,9852114
1995,Vietnam,China,Import,15270959
1995,Vietnam,India,Export,2815024
1995,Vietnam,India,Import,2711938
1995,Vietnam,Brazil,Export,2620238
1995,Vietnam,Brazil,Import,2614678
1995,Vietnam,Mexico,Export,2718670
1995,Vietnam,Mexico,Import,2572489
1995,Vietnam,USA,Export,14506890
1995,Vietnam,USA,Import,2508128
1995,USA,China,Export,20097187
1995,USA,China,Import,44259566
1995,USA,India,Export,5816646
1995,USA,India,Import,12197361
1995,USA,Brazil,Export,6928511
1995,USA,Brazil,Import,6195209
1995,USA,Mexico,Export,49815400
1995,USA,Mexico,Import,88437547
1995,USA,Vietnam,Export,2498533
1995,USA,Vietnam,Import,13700723
1996,China,India,Export,14080591
1996,China,India,Import,3132327
1996,China,Brazil,Export,8703144
1996,China,Brazil,Import,19000341
1996,China,Mexico,Export,10403841
1996,China,Mexico,Import,3390123
1996,China,Vietnam,Export,18098344
1996,China,Vietnam,Import,10996863
1996,China,USA,Export,50188246
1996,China,USA,Import,22813819
1996,India,China,Export,3223355
1996,India,China,Import,13836508
1996,India,Brazil,Export,3892879
1996,India,Brazil,Import,3556811
1996,India,Mexico,Export,3220819
1996,India,Mexico,Import,3140256
1996,India,Vietnam,Export,3064763
1996,India,Vietnam,Import,3160862
1996,India,USA,Export,13673232
1996,India,USA,Import,6650384
1996,Brazil,China,Export,18976636
1996,Brazil,China,Import,8459550
1996,Brazil,India,Export,3415280
1996,Brazil,India,Import,3733721
1996,Brazil,Mexico,Export,3735117
1996,Brazil,Mexico,Import,3593024
1996,Brazil,Vietnam,Export,2829773
1996,Brazil,Vietnam,Import,3007936
1996,Brazil,USA,Export,7193719
1996,Brazil,USA,Import,7521942
1996,Mexico,China,Export,3471755
1996,Mexico,China,Import,10415139
1996,Mexico,India,Export,3186744
1996,Mexico,India,Import,3228851
1996,Mexico,Brazil,Export,3512543
1996,Mexico,Brazil,Import,3695255
1996,Mexico,Vietnam,Export,2708668
1996,Mexico,Vietnam,Import,2966201
1996,Mexico,USA,Export,99459265
1996,Mexico,USA,Import,55563896
1996,Vietnam,China,Export,11138435
1996,Vietnam,China,Import,18165124
1996,Vietnam,India,Export,3132357
1996,Vietnam,India,Import,2933438
1996,Vietnam,Brazil,Export,2914833
1996,Vietnam,Brazil,Import,2840492
1996,Vietnam,Mexico,Export,2851605
1996,Vietnam,Mexico,Import,2683043
1996,Vietnam,USA,Export,16662529
1996,Vietnam,USA,Import,2800898
1996,USA,China,Export,22180927
1996,USA,China,Import,50211875
1996,USA,India,Export,6760175
1996,USA,India,Import,14288941
1996,USA,Brazil,Export,8000621
1996,USA,Brazil,Import,6997388
1996,USA,Mexico,Export,55251207
1996,USA,Mexico,Import,96230085
1996,USA,Vietnam,Export,2832417
1996,USA,Vietnam,Import,17035047
1997,China,India,Export,16742536
1997,China,India,Import,3475779
1997,China,Brazil,Export,10015306
1997,China,Brazil,Import,21555371
1997,China,Mexico,Export,12167352
1997,China,Mexico,Import,3809358
1997,China,Vietnam,Export,21398244
1997,China,Vietnam,Import,12990367
1997,China,USA,Export,59691301
1997,China,USA,Import,25376488
1997,India,China,Export,3433397
1997,India,China,Import,16601969
1997,India,Brazil,Export,4282033
1997,India,Brazil,Import,3975295
1997,India,Mexico,Export,3563297
1997,India,Mexico,Import,3428384
1997,India,Vietnam,Export,3327031
1997,India,Vietnam,Import,3512943
1997,India,USA,Export,15575183
1997,India,USA,Import,7423865
1997,Brazil,China,Export,21417802
1997,Brazil,China,Import,9810858
1997,Brazil,India,Export,3840980
1997,Brazil,India,Import,4128039
1997,Brazil,Mexico,Export,4227589
1997,Brazil,Mexico,Import,3868025
1997,Brazil,Vietnam,Export,3066795
1997,Brazil,Vietnam,Import,3240413
1997,Brazil,USA,Export,7799481
1997,Brazil,USA,Import,8741406
1997,Mexico,China,Export,3804786
1997,Mexico,China,Import,12203203
1997,Mexico,India,Export,3401396
1997,Mexico,India,Import,3518175
1997,Mexico,Brazil,Export,4003725
1997,Mexico,Brazil,Import,4120085
1997,Mexico,Vietnam,Export,3007147
1997,Mexico,Vietnam,Import,3043620
1997,Mexico,USA,Export,103898657
1997,Mexico,USA,Import,63243648
1997,Vietnam,China,Export,13135748
1997,Vietnam,China,Import,21246795
1997,Vietnam,India,Export,3584555
1997,Vietnam,India,Import,3238114
1997,Vietnam,Brazil,Export,3233542
1997,Vietnam,Brazil,Import,3051409
1997,Vietnam,Mexico,Export,3066631
1997,Vietnam,Mexico,Import,3012636
1997,Vietnam,USA,Export,19378947
1997,Vietnam,USA,Import,3090395
1997,USA,China,Export,25020164
1997,USA,China,Import,61663592
1997,USA,India,Export,7231990
1997,USA,India,Import,15593397
1997,USA,Brazil,Export,8669756
1997,USA,Brazil,Import,7932001
1997,USA,Mexico,Export,61839975
1997,USA,Mexico,Import,105911386
1997,USA,Vietnam,Export,3084374
1997,USA,Vietnam,Import,19444874
1998,China,India,Export,18336414
1998,China,India,Import,3688837
1998,China,Brazil,Export,11364271
1998,China,Brazil,Import,22832020
1998,China,Mexico,Export,13587124
1998,China,Mexico,Import,3962573
1998,China,Vietnam,Export,23500638
1998,China,Vietnam,Import,14624560
1998,China,USA,Export,67223423
1998,China,USA,Import,28081226
1998,India,China,Export,3662856
1998,India,China,Import,18548641
1998,India,Brazil,Export,4700047
1998,India,Brazil,Import,4126846
1998,India,Mexico,Export,3904077
1998,India,Mexico,Import,3682835
1998,India,Vietnam,Export,3436948
1998,India,Vietnam,Import,3684260
1998,India,USA,Export,16380860
1998,India,USA,Import,7799935
1998,Brazil,China,Export,23128441
1998,Brazil,China,Import,10905681
1998,Brazil,India,Export,4236113
1998,Brazil,India,Import,4598496
1998,Brazil,Mexico,Export,4256372
1998,Brazil,Mexico,Import,4251859
1998,Brazil,Vietnam,Export,3277885
1998,Brazil,Vietnam,Import,3400213
1998,Brazil,USA,Export,8664826
1998,Brazil,USA,Import,9349940
1998,Mexico,China,Export,3851249
1998,Mexico,China,Import,13316719
1998,Mexico,India,Export,3673019
1998,Mexico,India,Import,3775584
1998,Mexico,Brazil,Export,4192287
1998,Mexico,Brazil,Import,4233547
1998,Mexico,Vietnam,Export,3096152
1998,Mexico,Vietnam,Import,3383043
1998,Mexico,USA,Export,113338683
1998,Mexico,USA,Import,66964302
1998,Vietnam,China,Export,14386980
1998,Vietnam,China,Import,22869725
1998,Vietnam,India,Export,3621146
1998,Vietnam,India,Import,3459600
1998,Vietnam,Brazil,Export,3351062
1998,Vietnam,Brazil,Import,3146238
1998,Vietnam,Mexico,Export,3196695
1998,Vietnam,Mexico,Import,3183950
1998,Vietnam,USA,Export,21018823
1998,Vietnam,USA,Import,3078977
1998,USA,China,Export,27917381
1998,USA,China,Import,68477425
1998,USA,India,Export,7841113
1998,USA,India,Import,16270620
1998,USA,Brazil,Export,9144115
1998,USA,Brazil,Import,8453472
1998,USA,Mexico,Export,69206900
1998,USA,Mexico,Import,109552249
1998,USA,Vietnam,Export,3171980
1998,USA,Vietnam,Import,21681406
1999,China,India,Export,21998320
1999,China,India,Import,4284625
1999,China,Brazil,Export,13430006
1999,China,Brazil,Import,27362909
1999,China,Mexico,Export,16545420
1999,China,Mexico,Import,4578716
1999,China,Vietnam,Export,28220717
1999,China,Vietnam,Import,17257363
1999,China,USA,Export,78614723
1999,China,USA,Import,31047620
1999,India,China,Export,4370220
1999,India,China,Import,22568641
1999,India,Brazil,Export,5292376
1999,India,Brazil,Import,4875971
1999,India,Mexico,Export,4558885
1999,India,Mexico,Import,4088654
1999,India,Vietnam,Export,3920007
1999,India,Vietnam,Import,4260594
1999,India,USA,Export,18996875
1999,India,USA,Import,9056663
1999,Brazil,China,Export,25881374
1999,Brazil,China,Import,12753780
1999,Brazil,India,Export,4666351
1999,Brazil,India,Import,5395242
1999,Brazil,Mexico,Export,5140919
1999,Brazil,Mexico,Import,4588625
1999,Brazil,Vietnam,Export,3542307
1999,Brazil,Vietnam,Import,3696911
1999,Brazil,USA,Export,9638367
1999,Brazil,USA,Import,10628219
1999,Mexico,China,Export,4533634
1999,Mexico,China,Import,16521182
1999,Mexico,India,Export,4163782
1999,Mexico,India,Import,4387985
1999,Mexico,Brazil,Export,4798439
1999,Mexico,Brazil,Import,5000237
1999,Mexico,Vietnam,Export,3458820
1999,Mexico,Vietnam,Import,3630303
1999,Mexico,USA,Export,129441192
1999,Mexico,USA,Import,78914991
1999,Vietnam,China,Export,17273773
1999,Vietnam,China,Import,28643406
1999,Vietnam,India,Export,4166735
1999,Vietnam,India,Import,4079479
1999,Vietnam,Brazil,Export,3725397
1999,Vietnam,Brazil,Import,3639020
1999,Vietnam,Mexico,Export,3676169
1999,Vietnam,Mexico,Import,3591336
1999,Vietnam,USA,Export,24613093
1999,Vietnam,USA,Import,3505862
1999,USA,China,Export,31484929
1999,USA,China,Import,77352729
1999,USA,India,Export,8884433
1999,USA,India,Import,18715672
1999,USA,Brazil,Export,10487115
1999,USA,Brazil,Import,9481928
1999,USA,Mexico,Export,78268513
1999,USA,Mexico,Import,126880818
1999,USA,Vietnam,Export,3568288
1999,USA,Vietnam,Import,25565150
2000,China,India,Export,25247738
2000,China,India,Import,4546528
2000,China,Brazil,Export,14496573
2000,China,Brazil,Import,29734459
2000,China,Mexico,Export,18170680
2000,China,Mexico,Import,4847302
2000,China,Vietnam,Export,31534241
2000,China,Vietnam,Import,19117940
2000,China,USA,Export,90253975
2000,China,USA,Import,35187079
2000,India,China,Export,4652497
2000,India,China,Import,24476086
2000,India,Brazil,Export,5693689
2000,India,Brazil,Import,5150291
2000,India,Mexico,Export,4993790
2000,India,Mexico,Import,4416500
2000,India,Vietnam,Export,4415194
2000,India,Vietnam,Import,4741370
2000,India,USA,Export,21449909
2000,India,USA,Import,9769097
2000,Brazil,China,Export,29613845
2000,Brazil,China,Import,15016682
2000,Brazil,India,Export,5193037
2000,Brazil,India,Import,5939255
2000,Brazil,Mexico,Export,5535370
2000,Brazil,Mexico,Import,5312432
2000,Brazil,Vietnam,Export,3998722
2000,Brazil,Vietnam,Import,4119530
2000,Brazil,USA,Export,10858598
2000,Brazil,USA,Import,11522370
2000,Mexico,China,Export,5124981
2000,Mexico,China,Import,19116307
2000,Mexico,India,Export,4373448
2000,Mexico,India,Import,4767361
2000,Mexico,Brazil,Export,5227494
2000,Mexico,Brazil,Import,5436045
2000,Mexico,Vietnam,Export,3672742
2000,Mexico,Vietnam,Import,4015570
2000,Mexico,USA,Export,136916460
2000,Mexico,USA,Import,86241738
2000,Vietnam,China,Export,19759382
2000,Vietnam,China,Import,31454699
2000,Vietnam,India,Export,4568382
2000,Vietnam,India,Import,4244723
2000,Vietnam,Brazil,Export,4093809
2000,Vietnam,Brazil,Import,4005952
2000,Vietnam,Mexico,Export,4110621
2000,Vietnam,Mexico,Import,3831639
2000,Vietnam,USA,Export,29196172
2000,Vietnam,USA,Import,3879861
2000,USA,China,Export,34257018
2000,USA,China,Import,88500397
2000,USA,India,Export,10183144
2000,USA,India,Import,20801258
2000,USA,Brazil,Export,12001032
2000,USA,Brazil,Import,10380876
2000,USA,Mexico,Export,88597370
2000,USA,Mexico,Import,138592761
2000,USA,Vietnam,Export,3824142
2000,USA,Vietnam,Import,28228916
2001,China,India,Export,27404241
2001,China,India,Import,4803719
2001,China,Brazil,Export,16329395
2001,China,Brazil,Import,31918103
2001,China,Mexico,Export,19772822
2001,China,Mexico,Import,5145233
2001,China,Vietnam,Export,33874299
2001,China,Vietnam,Import,20655720
2001,China,USA,Export,97403551
2001,China,USA,Import,37588278
2001,India,China,Export,4993927
2001,India,China,Import,27817972
2001,India,Brazil,Export,6096933
2001,India,Brazil,Import,5673135
2001,India,Mexico,Export,5109151
2001,India,Mexico,Import,4721933
2001,India,Vietnam,Export,4530607
2001,India,Vietnam,Import,4845143
2001,India,USA,Export,22624172
2001,India,USA,Import,10772345
2001,Brazil,China,Export,32082464
2001,Brazil,China,Import,16723430
2001,Brazil,India,Export,5480143
2001,Brazil,India,Import,6318368
2001,Brazil,Mexico,Export,5895864
2001,Brazil,Mexico,Import,5630398
2001,Brazil,Vietnam,Export,4259553
2001,Brazil,Vietnam,Import,4499023
2001,Brazil,USA,Export,11594731
2001,Brazil,USA,Import,12839577
2001,Mexico,China,Export,5303494
2001,Mexico,China,Import,19775348
2001,Mexico,India,Export,4729448
2001,Mexico,India,Import,5287160
2001,Mexico,Brazil,Export,5535438
2001,Mexico,Brazil,Import,5724983
2001,Mexico,Vietnam,Export,3975299
2001,Mexico,Vietnam,Import,4388264
2001,Mexico,USA,Export,148197335
2001,Mexico,USA,Import,90135508
2001,Vietnam,China,Export,21431806
2001,Vietnam,China,Import,34333145
2001,Vietnam,India,Export,4867745
2001,Vietnam,India,Import,4688360
2001,Vietnam,Brazil,Export,4479653
2001,Vietnam,Brazil,Import,4284281
2001,Vietnam,Mexico,Export,4150253
2001,Vietnam,Mexico,Import,4062861
2001,Vietnam,USA,Export,31969952
2001,Vietnam,USA,Import,4084615
2001,USA,China,Export,38516474
2001,USA,China,Import,100592770
2001,USA,India,Export,10823075
2001,USA,India,Import,23076220
2001,USA,Brazil,Export,12905300
2001,USA,Brazil,Import,11412695
2001,USA,Mexico,Export,91841626
2001,USA,Mexico,Import,151888414
2001,USA,Vietnam,Export,4053281
2001,USA,Vietnam,Import,31904378
2002,China,India,Export,33377792
2002,China,India,Import,5696964
2002,China,Brazil,Export,19833612
2002,China,Brazil,Import,35551298
2002,China,Mexico,Export,25237114
2002,China,Mexico,Import,5773720
2002,China,Vietnam,Export,42275708
2002,China,Vietnam,Import,23689684
2002,China,USA,Export,117823902
2002,China,USA,Import,42447393
2002,India,China,Export,5638649
2002,India,China,Import,33931597
2002,India,Brazil,Export,6806384
2002,India,Brazil,Import,6249089
2002,India,Mexico,Export,5861610
2002,India,Mexico,Import,5305863
2002,India,Vietnam,Export,5099558
2002,India,Vietnam,Import,5474345
2002,India,USA,Export,24959591
2002,India,USA,Import,11775348
2002,Brazil,China,Export,34887726
2002,Brazil,China,Import,19789405
2002,Brazil,India,Export,6226940
2002,Brazil,India,Import,7089664
2002,Brazil,Mexico,Export,6530313
2002,Brazil,Mexico,Import,6276308
2002,Brazil,Vietnam,Export,4590009
2002,Brazil,Vietnam,Import,4883884
2002,Brazil,USA,Export,12498142
2002,Brazil,USA,Import,14663974
2002,Mexico,China,Export,5919199
2002,Mexico,China,Import,24131758
2002,Mexico,India,Export,5150180
2002,Mexico,India,Import,5808188
2002,Mexico,Brazil,Export,6242360
2002,Mexico,Brazil,Import,6661459
2002,Mexico,Vietnam,Export,4440485
2002,Mexico,Vietnam,Import,4662170
2002,Mexico,USA,Export,161779336
2002,Mexico,USA,Import,103976991
2002,Vietnam,China,Export,24294920
2002,Vietnam,China,Import,42440171
2002,Vietnam,India,Export,5226992
2002,Vietnam,India,Import,4932007
2002,Vietnam,Brazil,Export,4761058
2002,Vietnam,Brazil,Import,4459523
2002,Vietnam,Mexico,Export,4731109
2002,Vietnam,Mexico,Import,4353702
2002,Vietnam,USA,Export,35584254
2002,Vietnam,USA,Import,4546728
2002,USA,China,Export,40832209
2002,USA,China,Import,121250548
2002,USA,India,Export,12268127
2002,USA,India,Import,25540936
2002,USA,Brazil,Export,14136539
2002,USA,Brazil,Import,12315539
2002,USA,Mexico,Export,102638456
2002,USA,Mexico,Import,167217974
2002,USA,Vietnam,Export,4248310
2002,USA,Vietnam,Import,34151662
2003,China,India,Export,37342002
2003,China,India,Import,5941080
2003,China,Brazil,Export,22501535
2003,China,Brazil,Import,41045848
2003,China,Mexico,Export,27582095
2003,China,Mexico,Import,6419679
2003,China,Vietnam,Export,47916128
2003,China,Vietnam,Import,26463805
2003,China,USA,Export,134316302
2003,China,USA,Import,46178864
2003,India,China,Export,6101343
2003,India,China,Import,37540331
2003,India,Brazil,Export,7683574
2003,India,Brazil,Import,6910943
2003,India,Mexico,Export,6227741
2003,India,Mexico,Import,5737950
2003,India,Vietnam,Export,5467518
2003,India,Vietnam,Import,5636270
2003,India,USA,Export,28415274
2003,India,USA,Import,13227299
2003,Brazil,China,Export,41489149
2003,Brazil,China,Import,22234498
2003,Brazil,India,Export,6947456
2003,Brazil,India,Import,7601905
2003,Brazil,Mexico,Export,7097302
2003,Brazil,Mexico,Import,6726170
2003,Brazil,Vietnam,Export,4977650
2003,Brazil,Vietnam,Import,5126662
2003,Brazil,USA,Export,13617260
2003,Brazil,USA,Import,15570630
2003,Mexico,China,Export,6242038
2003,Mexico,China,Import,28354290
2003,Mexico,India,Export,5607141
2003,Mexico,India,Import,6025509
2003,Mexico,Brazil,Export,6811382
2003,Mexico,Brazil,Import,7163017
2003,Mexico,Vietnam,Export,4707156
2003,Mexico,Vietnam,Import,5152562
2003,Mexico,USA,Export,177178763
2003,Mexico,USA,Import,113745018
2003,Vietnam,China,Export,25818888
2003,Vietnam,China,Import,47826767
2003,Vietnam,India,Export,5802252
2003,Vietnam,India,Import,5421501
2003,Vietnam,Brazil,Export,5030660
2003,Vietnam,Brazil,Import,5046828
2003,Vietnam,Mexico,Export,5144743
2003,Vietnam,Mexico,Import,4562655
2003,Vietnam,USA,Export,37975308
2003,Vietnam,USA,Import,4653085
2003,USA,China,Export,45758559
2003,USA,China,Import,130392372
2003,USA,India,Export,12896478
2003,USA,India,Import,28353681
2003,USA,Brazil,Export,15665245
2003,USA,Brazil,Import,13303130
2003,USA,Mexico,Export,110652853
2003,USA,Mexico,Import,185189763
2003,USA,Vietnam,Export,4676164
2003,USA,Vietnam,Import,38562414
2004,China,India,Export,40164143
2004,China,India,Import,6894500
2004,China,Brazil,Export,23458743
2004,China,Brazil,Import,44759295
2004,China,Mexico,Export,29422898
2004,China,Mexico,Import,6975063
2004,China,Vietnam,Export,50773133
2004,China,Vietnam,Import,30241391
2004,China,USA,Export,142753652
2004,China,USA,Import,48839335
2004,India,China,Export,6944593
2004,India,China,Import,40149317
2004,India,Brazil,Export,8522098
2004,India,Brazil,Import,7495665
2004,India,Mexico,Export,7277899
2004,India,Mexico,Import,6228393
2004,India,Vietnam,Export,6296977
2004,India,Vietnam,Import,6103122
2004,India,USA,Export,30930187
2004,India,USA,Import,14301341
2004,Brazil,China,Export,43615780
2004,Brazil,China,Import,23351984
2004,Brazil,India,Export,7324856
2004,Brazil,India,Import,8774791
2004,Brazil,Mexico,Export,7754684
2004,Brazil,Mexico,Import,7092519
2004,Brazil,Vietnam,Export,5131447
2004,Brazil,Vietnam,Import,5713718
2004,Brazil,USA,Export,15225023
2004,Brazil,USA,Import,16396409
2004,Mexico,China,Export,6651801
2004,Mexico,China,Import,29562180
2004,Mexico,India,Export,6251858
2004,Mexico,India,Import,7359055
2004,Mexico,Brazil,Export,6945235
2004,Mexico,Brazil,Import,7716004
2004,Mexico,Vietnam,Export,5070986
2004,Mexico,Vietnam,Import,5579941
2004,Mexico,USA,Export,193811161
2004,Mexico,USA,Import,123671440
2004,Vietnam,China,Export,28531520
2004,Vietnam,China,Import,50732362
2004,Vietnam,India,Export,6250785
2004,Vietnam,India,Import,6253907
2004,Vietnam,Brazil,Export,5449915
2004,Vietnam,Brazil,Import,5316761
2004,Vietnam,Mexico,Export,5497090
2004,Vietnam,Mexico,Import,4901644
2004,Vietnam,USA,Export,42953108
2004,Vietnam,USA,Import,4911422
2004,USA,China,Export,49654161
2004,USA,China,Import,151984605
2004,USA,India,Export,13861626
2004,USA,India,Import,31476965
2004,USA,Brazil,Export,16831719
2004,USA,Brazil,Import,14753885
2004,USA,Mexico,Export,118545385
2004,USA,Mexico,Import,188264470
2004,USA,Vietnam,Export,4889015
2004,USA,Vietnam,Import,41205999
2005,China,India,Export,42774854
2005,China,India,Import,7543375
2005,China,Brazil,Export,26433083
2005,China,Brazil,Import,49460840
2005,China,Mexico,Export,33863522
2005,China,Mexico,Import,7269755
2005,China,Vietnam,Export,57858224
2005,China,Vietnam,Import,31134389
2005,China,USA,Export,161717730
2005,China,USA,Import,52750984
2005,India,China,Export,7324086
2005,India,China,Import,43192151
2005,India,Brazil,Export,9187882
2005,India,Brazil,Import,7635818
2005,India,Mexico,Export,7447627
2005,India,Mexico,Import,6381454
2005,India,Vietnam,Export,6666954
2005,India,Vietnam,Import,6629324
2005,India,USA,Export,34108863
2005,India,USA,Import,15684361
2005,Brazil,China,Export,49363573
2005,Brazil,China,Import,26272611
2005,Brazil,India,Export,7893910
2005,Brazil,India,Import,9539355
2005,Brazil,Mexico,Export,8372732
2005,Brazil,Mexico,Import,7626099
2005,Brazil,Vietnam,Export,5812096
2005,Brazil,Vietnam,Import,5975979
2005,Brazil,USA,Export,15576773
2005,Brazil,USA,Import,18032700
2005,Mexico,China,Export,7461464
2005,Mexico,China,Import,33451326
2005,Mexico,India,Export,6650972
2005,Mexico,India,Import,7662267
2005,Mexico,Brazil,Export,7423409
2005,Mexico,Brazil,Import,8270667
2005,Mexico,Vietnam,Export,5288555
2005,Mexico,Vietnam,Import,5867918
2005,Mexico,USA,Export,204223537
2005,Mexico,USA,Import,133529322
2005,Vietnam,China,Export,31011825
2005,Vietnam,China,Import,55636017
2005,Vietnam,India,Export,6596513
2005,Vietnam,India,Import,6804585
2005,Vietnam,Brazil,Export,6009142
2005,Vietnam,Brazil,Import,5538907
2005,Vietnam,Mexico,Export,5939033
2005,Vietnam,Mexico,Import,5295889
2005,Vietnam,USA,Export,45305608
2005,Vietnam,USA,Import,5314753
2005,USA,China,Export,52745519
2005,USA,China,Import,163829745
2005,USA,India,Export,15359292
2005,USA,India,Import,34524535
2005,USA,Brazil,Export,18524835
2005,USA,Brazil,Import,16518549
2005,USA,Mexico,Export,132982546
2005,USA,Mexico,Import,211076544
2005,USA,Vietnam,Export,5204170
2005,USA,Vietnam,Import,47346351
2006,China,India,Export,46717696
2006,China,India,Import,7985930
2006,China,Brazil,Export,28447548
2006,China,Brazil,Import,50464040
2006,China,Mexico,Export,35012165
2006,China,Mexico,Import,7736515
2006,China,Vietnam,Export,60214214
2006,China,Vietnam,Import,33775886
2006,China,USA,Export,178943851
2006,China,USA,Import,56825238
2006,India,China,Export,8014880
2006,India,China,Import,47001057
2006,India,Brazil,Export,10060011
2006,India,Brazil,Import,8435520
2006,India,Mexico,Export,8354598
2006,India,Mexico,Import,7081303
2006,India,Vietnam,Export,7119212
2006,India,Vietnam,Import,7006360
2006,India,USA,Export,36872403
2006,India,USA,Import,16614203
2006,Brazil,China,Export,50758175
2006,Brazil,China,Import,28930383
2006,Brazil,India,Export,8496908
2006,Brazil,India,Import,9997531
2006,Brazil,Mexico,Export,8868809
2006,Brazil,Mexico,Import,8423874
2006,Brazil,Vietnam,Export,5992065
2006,Brazil,Vietnam,Import,6503409
2006,Brazil,USA,Export,17371285
2006,Brazil,USA,Import,20189708
2006,Mexico,China,Export,7683999
2006,Mexico,China,Import,35301388
2006,Mexico,India,Export,7067298
2006,Mexico,India,Import,8213514
2006,Mexico,Brazil,Export,8036022
2006,Mexico,Brazil,Import,8965370
2006,Mexico,Vietnam,Export,5526181
2006,Mexico,Vietnam,Import,6280717
2006,Mexico,USA,Export,223668473
2006,Mexico,USA,Import,141616076
2006,Vietnam,China,Export,35390394
2006,Vietnam,China,Import,63033542
2006,Vietnam,India,Export,7118578
2006,Vietnam,India,Import,7333635
2006,Vietnam,Brazil,Export,6288200
2006,Vietnam,Brazil,Import,5869225
2006,Vietnam,Mexico,Export,6072084
2006,Vietnam,Mexico,Import,5509080
2006,Vietnam,USA,Export,51006496
2006,Vietnam,USA,Import,5656362
2006,USA,China,Export,56047787
2006,USA,China,Import,173139801
2006,USA,India,Export,16765890
2006,USA,India,Import,37128392
2006,USA,Brazil,Export,19136995
2006,USA,Brazil,Import,17062965
2006,USA,Mexico,Export,138662868
2006,USA,Mexico,Import,222053970
2006,USA,Vietnam,Export,5842919
2006,USA,Vietnam,Import,49018096
2007,China,India,Export,52935173
2007,China,India,Import,8459666
2007,China,Brazil,Export,30883387
2007,China,Brazil,Import,54013684
2007,China,Mexico,Export,37655906
2007,China,Mexico,Import,8419215
2007,China,Vietnam,Export,64058787
2007,China,Vietnam,Import,35932883
2007,China,USA,Export,191936451
2007,China,USA,Import,60941259
2007,India,China,Export,8455664
2007,India,China,Import,50065207
2007,India,Brazil,Export,10757947
2007,India,Brazil,Import,9295832
2007,India,Mexico,Export,8779353
2007,India,Mexico,Import,7725088
2007,India,Vietnam,Export,7502958
2007,India,Vietnam,Import,7839060
2007,India,USA,Export,39753805
2007,India,USA,Import,17299957
2007,Brazil,China,Export,54754128
2007,Brazil,China,Import,31375181
2007,Brazil,India,Export,9275609
2007,Brazil,India,Import,10566882
2007,Brazil,Mexico,Export,9358406
2007,Brazil,Mexico,Import,8589726
2007,Brazil,Vietnam,Export,6254252
2007,Brazil,Vietnam,Import,6759867
2007,Brazil,USA,Export,18764436
2007,Brazil,USA,Import,20876246
2007,Mexico,China,Export,8214056
2007,Mexico,China,Import,38797505
2007,Mexico,India,Export,7286194
2007,Mexico,India,Import,8518125
2007,Mexico,Brazil,Export,8576266
2007,Mexico,Brazil,Import,9323528
2007,Mexico,Vietnam,Export,6016498
2007,Mexico,Vietnam,Import,6328918
2007,Mexico,USA,Export,234581559
2007,Mexico,USA,Import,152714976
2007,Vietnam,China,Export,36393010
2007,Vietnam,China,Import,64647053
2007,Vietnam,India,Export,7819452
2007,Vietnam,India,Import,7452847
2007,Vietnam,Brazil,Export,6818179
2007,Vietnam,Brazil,Import,6229158
2007,Vietnam,Mexico,Export,6408661
2007,Vietnam,Mexico,Import,5807282
2007,Vietnam,USA,Export,54595460
2007,Vietnam,USA,Import,6110308
2007,USA,China,Export,59926188
2007,USA,China,Import,188841682
2007,USA,India,Export,18074293
2007,USA,India,Import,39800259
2007,USA,Brazil,Export,20656989
2007,USA,Brazil,Import,18052229
2007,USA,Mexico,Export,155122045
2007,USA,Mexico,Import,241005644
2007,USA,Vietnam,Export,5893275
2007,USA,Vietnam,Import,53600571
2008,China,India,Export,55007360
2008,China,India,Import,8707103
2008,China,Brazil,Export,33855537
2008,China,Brazil,Import,58531296
2008,China,Mexico,Export,42813553
2008,China,Mexico,Import,8733203
2008,China,Vietnam,Export,71094137
2008,China,Vietnam,Import,39601327
2008,China,USA,Export,201137055
2008,China,USA,Import,65001264
2008,India,China,Export,8807058
2008,India,China,Import,56632793
2008,India,Brazil,Export,11538921
2008,India,Brazil,Import,9867280
2008,India,Mexico,Export,9539721
2008,India,Mexico,Import,7889506
2008,India,Vietnam,Export,8081098
2008,India,Vietnam,Import,8110475
2008,India,USA,Export,41211166
2008,India,USA,Import,18368664
2008,Brazil,China,Export,58981480
2008,Brazil,China,Import,33545153
2008,Brazil,India,Export,9739566
2008,Brazil,India,Import,11635812
2008,Brazil,Mexico,Export,10313921
2008,Brazil,Mexico,Import,9356142
2008,Brazil,Vietnam,Export,6664687
2008,Brazil,Vietnam,Import,7362112
2008,Brazil,USA,Export,19317572
2008,Brazil,USA,Import,22517966
2008,Mexico,China,Export,8773169
2008,Mexico,China,Import,41123552
2008,Mexico,India,Export,8215973
2008,Mexico,India,Import,9512063
2008,Mexico,Brazil,Export,9391428
2008,Mexico,Brazil,Import,9987325
2008,Mexico,Vietnam,Export,6214111
2008,Mexico,Vietnam,Import,7110544
2008,Mexico,USA,Export,261465216
2008,Mexico,USA,Import,158872119
2008,Vietnam,China,Export,38950956
2008,Vietnam,China,Import,71386703
2008,Vietnam,India,Export,8298237
2008,Vietnam,India,Import,8062750
2008,Vietnam,Brazil,Export,6989062
2008,Vietnam,Brazil,Import,6927906
2008,Vietnam,Mexico,Export,7010188
2008,Vietnam,Mexico,Import,6155516
2008,Vietnam,USA,Export,57396239
2008,Vietnam,USA,Import,6466736
2008,USA,China,Export,63652211
2008,USA,China,Import,204167964
2008,USA,India,Export,19271992
2008,USA,India,Import,41511670
2008,USA,Brazil,Export,22915577
2008,USA,Brazil,Import,19900658
2008,USA,Mexico,Export,165325092
2008,USA,Mexico,Import,264105661
2008,USA,Vietnam,Export,6275187
2008,USA,Vietnam,Import,58693280
2009,China,India,Export,51349466
2009,China,India,Import,7847984
2009,China,Brazil,Export,30356314
2009,China,Brazil,Import,51633681
2009,China,Mexico,Export,36983586
2009,China,Mexico,Import,7997561
2009,China,Vietnam,Export,62153620
2009,China,Vietnam,Import,35860463
2009,China,USA,Export,185122377
2009,China,USA,Import,58135689
2009,India,China,Export,8183054
2009,India,China,Import,51616704
2009,India,Brazil,Export,10405479
2009,India,Brazil,Import,8515048
2009,India,Mexico,Export,8564892
2009,India,Mexico,Import,6947514
2009,India,Vietnam,Export,7220506
2009,India,Vietnam,Import,7120933
2009,India,USA,Export,36923163
2009,India,USA,Import,17172660
2009,Brazil,China,Export,50914938
2009,Brazil,China,Import,30557406
2009,Brazil,India,Export,8876770
2009,Brazil,India,Import,9987909
2009,Brazil,Mexico,Export,9257078
2009,Brazil,Mexico,Import,8515412
2009,Brazil,Vietnam,Export,6202159
2009,Brazil,Vietnam,Import,6357995
2009,Brazil,USA,Export,17843261
2009,Brazil,USA,Import,19401870
2009,Mexico,China,Export,8078672
2009,Mexico,China,Import,38909416
2009,Mexico,India,Export,6953267
2009,Mexico,India,Import,8207200
2009,Mexico,Brazil,Export,8100952
2009,Mexico,Brazil,Import,9002120
2009,Mexico,Vietnam,Export,5656680
2009,Mexico,Vietnam,Import,6137924
2009,Mexico,USA,Export,226745629
2009,Mexico,USA,Import,145095972
2009,Vietnam,China,Export,35500395
2009,Vietnam,China,Import,62490287
2009,Vietnam,India,Export,7537833
2009,Vietnam,India,Import,7389923
2009,Vietnam,Brazil,Export,6365993
2009,Vietnam,Brazil,Import,6145475
2009,Vietnam,Mexico,Export,6221603
2009,Vietnam,Mexico,Import,5678825
2009,Vietnam,USA,Export,53740776
2009,Vietnam,USA,Import,5868353
2009,USA,China,Export,57691067
2009,USA,China,Import,179250652
2009,USA,India,Export,16676216
2009,USA,India,Import,36609046
2009,USA,Brazil,Export,20328860
2009,USA,Brazil,Import,16895585
2009,USA,Mexico,Export,143731244
2009,USA,Mexico,Import,221322766
2009,USA,Vietnam,Export,5686989
2009,USA,Vietnam,Import,54063670
2010,China,India,Export,64437064
2010,China,India,Import,9747470
2010,China,Brazil,Export,38747179
2010,China,Brazil,Import,64095873
2010,China,Mexico,Export,47527791
2010,China,Mexico,Import,9978558
2010,China,Vietnam,Export,79438234
2010,China,Vietnam,Import,54786518
2010,China,USA,Export,229740955
2010,China,USA,Import,74060745
2010,India,China,Export,10160246
2010,India,China,Import,63238799
2010,India,Brazil,Export,12794607
2010,India,Brazil,Import,10784897
2010,India,Mexico,Export,10659739
2010,India,Mexico,Import,9283838
2010,India,Vietnam,Export,9122078
2010,India,Vietnam,Import,10867644
2010,India,USA,Export,47173592
2010,India,USA,Import,21384155
2010,Brazil,China,Export,67969870
2010,Brazil,China,Import,38001530
2010,Brazil,India,Export,11205569
2010,Brazil,India,Import,12802535
2010,Brazil,Mexico,Export,11210797
2010,Brazil,Mexico,Import,10360425
2010,Brazil,Vietnam,Export,7420638
2010,Brazil,Vietnam,Import,9406753
2010,Brazil,USA,Export,22265960
2010,Brazil,USA,Import,24481492
2010,Mexico,China,Export,10031270
2010,Mexico,China,Import,48063810
2010,Mexico,India,Export,9000744
2010,Mexico,India,Import,10457558
2010,Mexico,Brazil,Export,10786091
2010,Mexico,Brazil,Import,11419841
2010,Mexico,Vietnam,Export,7262347
2010,Mexico,Vietnam,Import,9512205
2010,Mexico,USA,Export,279884214
2010,Mexico,USA,Import,188163325
2010,Vietnam,China,Export,52881459
2010,Vietnam,China,Import,79594765
2010,Vietnam,India,Export,10866341
2010,Vietnam,India,Import,8966073
2010,Vietnam,Brazil,Export,9394496
2010,Vietnam,Brazil,Import,7409729
2010,Vietnam,Mexico,Export,9202816
2010,Vietnam,Mexico,Import,6896386
2010,Vietnam,USA,Export,80103679
2010,Vietnam,USA,Import,7271284
2010,USA,China,Export,72376178
2010,USA,China,Import,223554298
2010,USA,India,Export,20866978
2010,USA,India,Import,47763602
2010,USA,Brazil,Export,25703663
2010,USA,Brazil,Import,22452117
2010,USA,Mexico,Export,184504089
2010,USA,Mexico,Import,291475494
2010,USA,Vietnam,Export,7271301
2010,USA,Vietnam,Import,78690061
2011,China,India,Export,66807259
2011,China,India,Import,10705883
2011,China,Brazil,Export,41767585
2011,China,Brazil,Import,71094174
2011,China,Mexico,Export,51537151
2011,China,Mexico,Import,10361904
2011,China,Vietnam,Export,86129834
2011,China,Vietnam,Import,57494783
2011,China,USA,Export,250586894
2011,China,USA,Import,78062535
2011,India,China,Export,10380680
2011,India,China,Import,66624732
2011,India,Brazil,Export,13719896
2011,India,Brazil,Import,11899383
2011,India,Mexico,Export,11354977
2011,India,Mexico,Import,9401002
2011,India,Vietnam,Export,9356628
2011,India,Vietnam,Import,11628835
2011,India,USA,Export,50169671
2011,India,USA,Import,22072323
2011,Brazil,China,Export,70483324
2011,Brazil,China,Import,40451975
2011,Brazil,India,Export,11272278
2011,Brazil,India,Import,14224085
2011,Brazil,Mexico,Export,12458376
2011,Brazil,Mexico,Import,11010026
2011,Brazil,Vietnam,Export,8197456
2011,Brazil,Vietnam,Import,9788051
2011,Brazil,USA,Export,23781597
2011,Brazil,USA,Import,27820889
2011,Mexico,China,Export,10576892
2011,Mexico,China,Import,50909280
2011,Mexico,India,Export,9308516
2011,Mexico,India,Import,11318020
2011,Mexico,Brazil,Export,10818799
2011,Mexico,Brazil,Import,12060922
2011,Mexico,Vietnam,Export,7525554
2011,Mexico,Vietnam,Import,9451666
2011,Mexico,USA,Export,298039205
2011,Mexico,USA,Import,189773416
2011,Vietnam,China,Export,58604109
2011,Vietnam,China,Import,87865394
2011,Vietnam,India,Export,11367559
2011,Vietnam,India,Import,9539997
2011,Vietnam,Brazil,Export,9931099
2011,Vietnam,Brazil,Import,7748312
2011,Vietnam,Mexico,Export,9865087
2011,Vietnam,Mexico,Import,7634745
2011,Vietnam,USA,Export,85147490
2011,Vietnam,USA,Import,7366996
2011,USA,China,Export,76174702
2011,USA,China,Import,251254345
2011,USA,India,Export,22183714
2011,USA,India,Import,48847826
2011,USA,Brazil,Export,27081517
2011,USA,Brazil,Import,23739401
2011,USA,Mexico,Export,194389492
2011,USA,Mexico,Import,308335095
2011,USA,Vietnam,Export,7356751
2011,USA,Vietnam,Import,84174211
2012,China,India,Export,72252100
2012,China,India,Import,11166386
2012,China,Brazil,Export,42611426
2012,China,Brazil,Import,75625236
2012,China,Mexico,Export,52855583
2012,China,Mexico,Import,11096223
2012,China,Vietnam,Export,95104895
2012,China,Vietnam,Import,61069648
2012,China,USA,Export,255340611
2012,China,USA,Import,80835929
2012,India,China,Export,11294772
2012,India,China,Import,73982295
2012,India,Brazil,Export,14407246
2012,India,Brazil,Import,11823322
2012,India,Mexico,Export,11797071
2012,India,Mexico,Import,10157878
2012,India,Vietnam,Export,10262014
2012,India,Vietnam,Import,11840204
2012,India,USA,Export,52839046
2012,India,USA,Import,23312187
2012,Brazil,China,Export,72414224
2012,Brazil,China,Import,44529611
2012,Brazil,India,Export,11915704
2012,Brazil,India,Import,14825561
2012,Brazil,Mexico,Export,12418980
2012,Brazil,Mexico,Import,11614887
2012,Brazil,Vietnam,Export,8138109
2012,Brazil,Vietnam,Import,10714072
2012,Brazil,USA,Export,24008236
2012,Brazil,USA,Import,28033779
2012,Mexico,China,Export,11380274
2012,Mexico,China,Import,54751247
2012,Mexico,India,Export,10204651
2012,Mexico,India,Import,12153990
2012,Mexico,Brazil,Export,11550037
2012,Mexico,Brazil,Import,12848479
2012,Mexico,Vietnam,Export,8016986
2012,Mexico,Vietnam,Import,10583991
2012,Mexico,USA,Export,319739785
2012,Mexico,USA,Import,208783778
2012,Vietnam,China,Export,61357498
2012,Vietnam,China,Import,94464733
2012,Vietnam,India,Export,11919482
2012,Vietnam,India,Import,10104166
2012,Vietnam,Brazil,Export,10441886
2012,Vietnam,Brazil,Import,8300805
2012,Vietnam,Mexico,Export,10276283
2012,Vietnam,Mexico,Import,7886925
2012,Vietnam,USA,Export,89013442
2012,Vietnam,USA,Import,7794202
2012,USA,China,Export,85317347
2012,USA,China,Import,268727201
2012,USA,India,Export,24263845
2012,USA,India,Import,54042512
2012,USA,Brazil,Export,28996344
2012,USA,Brazil,Import,24517103
2012,USA,Mexico,Export,206795436
2012,USA,Mexico,Import,318433624
2012,USA,Vietnam,Export,8048383
2012,USA,Vietnam,Import,92082025
2013,China,India,Export,76656689
2013,China,India,Import,11735039
2013,China,Brazil,Export,45091510
2013,China,Brazil,Import,75993327
2013,China,Mexico,Export,55892497
2013,China,Mexico,Import,11926871
2013,China,Vietnam,Export,95675563
2013,China,Vietnam,Import,64306708
2013,China,USA,Export,275550136
2013,China,USA,Import,86276553
2013,India,China,Export,11446486
2013,India,China,Import,75147361
2013,India,Brazil,Export,15374918
2013,India,Brazil,Import,13195524
2013,India,Mexico,Export,12390235
2013,India,Mexico,Import,10510098
2013,India,Vietnam,Export,10257966
2013,India,Vietnam,Import,12660786
2013,India,USA,Export,56447168
2013,India,USA,Import,25738438
2013,Brazil,China,Export,76003089
2013,Brazil,China,Import,47327477
2013,Brazil,India,Export,12916670
2013,Brazil,India,Import,15741218
2013,Brazil,Mexico,Export,13888061
2013,Brazil,Mexico,Import,12264815
2013,Brazil,Vietnam,Export,8697677
2013,Brazil,Vietnam,Import,10687849
2013,Brazil,USA,Export,25890347
2013,Brazil,USA,Import,30917665
2013,Mexico,China,Export,12213121
2013,Mexico,China,Import,58044504
2013,Mexico,India,Export,10403793
2013,Mexico,India,Import,12495197
2013,Mexico,Brazil,Export,11976927
2013,Mexico,Brazil,Import,13281753
2013,Mexico,Vietnam,Export,8149214
2013,Mexico,Vietnam,Import,11017478
2013,Mexico,USA,Export,343390785
2013,Mexico,USA,Import,208394529
2013,Vietnam,China,Export,64699426
2013,Vietnam,China,Import,97498543
2013,Vietnam,India,Export,12469336
2013,Vietnam,India,Import,10659707
2013,Vietnam,Brazil,Export,10739272
2013,Vietnam,Brazil,Import,8652025
2013,Vietnam,Mexico,Export,10419518
2013,Vietnam,Mexico,Import,8129765
2013,Vietnam,USA,Export,93030089
2013,Vietnam,USA,Import,8588675
2013,USA,China,Export,89783020
2013,USA,China,Import,282706589
2013,USA,India,Export,25439692
2013,USA,India,Import,55043762
2013,USA,Brazil,Export,29579548
2013,USA,Brazil,Import,25920711
2013,USA,Mexico,Export,209294595
2013,USA,Mexico,Import,339031695
2013,USA,Vietnam,Export,8270286
2013,USA,Vietnam,Import,94308294
2014,China,India,Export,81376721
2014,China,India,Import,12088897
2014,China,Brazil,Export,50057179
2014,China,Brazil,Import,75753899
2014,China,Mexico,Export,59273541
2014,China,Mexico,Import,12478933
2014,China,Vietnam,Export,105372499
2014,China,Vietnam,Import,68343906
2014,China,USA,Export,301288418
2014,China,USA,Import,92639919
2014,India,China,Export,12021234
2014,India,China,Import,79753569
2014,India,Brazil,Export,16144696
2014,India,Brazil,Import,13828321
2014,India,Mexico,Export,13040210
2014,India,Mexico,Import,11237870
2014,India,Vietnam,Export,11349930
2014,India,Vietnam,Import,13029271
2014,India,USA,Export,59128933
2014,India,USA,Import,27421425
2014,Brazil,China,Export,76656271
2014,Brazil,China,Import,49129771
2014,Brazil,India,Export,13255419
2014,Brazil,India,Import,16533671
2014,Brazil,Mexico,Export,13971676
2014,Brazil,Mexico,Import,13200742
2014,Brazil,Vietnam,Export,9354292
2014,Brazil,Vietnam,Import,11740038
2014,Brazil,USA,Export,26871808
2014,Brazil,USA,Import,32067747
2014,Mexico,China,Export,12812185
2014,Mexico,China,Import,58785510
2014,Mexico,India,Export,11072912
2014,Mexico,India,Import,12925653
2014,Mexico,Brazil,Export,12781220
2014,Mexico,Brazil,Import,14215776
2014,Mexico,Vietnam,Export,8514978
2014,Mexico,Vietnam,Import,11475643
2014,Mexico,USA,Export,364528319
2014,Mexico,USA,Import,227817059
2014,Vietnam,China,Export,67233177
2014,Vietnam,China,Import,102088499
2014,Vietnam,India,Export,13256097
2014,Vietnam,India,Import,11463251
2014,Vietnam,Brazil,Export,11946315
2014,Vietnam,Brazil,Import,9495080
2014,Vietnam,Mexico,Export,11029101
2014,Vietnam,Mexico,Import,8919011
2014,Vietnam,USA,Export,103835357
2014,Vietnam,USA,Import,8783010
2014,USA,China,Export,90702585
2014,USA,China,Import,300911666
2014,USA,India,Export,26958059
2014,USA,India,Import,58995572
2014,USA,Brazil,Export,32235770
2014,USA,Brazil,Import,27088854
2014,USA,Mexico,Export,223696933
2014,USA,Mexico,Import,364254224
2014,USA,Vietnam,Export,8775402
2014,USA,Vietnam,Import,102109498
2015,China,India,Export,83560648
2015,China,India,Import,12437408
2015,China,Brazil,Export,50688719
2015,China,Brazil,Import,78304338
2015,China,Mexico,Export,64206223
2015,China,Mexico,Import,12332248
2015,China,Vietnam,Export,108681379
2015,China,Vietnam,Import,69190545
2015,China,USA,Export,294528431
2015,China,USA,Import,92057962
2015,India,China,Export,12612343
2015,India,China,Import,83262634
2015,India,Brazil,Export,16623073
2015,India,Brazil,Import,14044707
2015,India,Mexico,Export,13489540
2015,India,Mexico,Import,11268616
2015,India,Vietnam,Export,11158984
2015,India,Vietnam,Import,13735495
2015,India,USA,Export,59410123
2015,India,USA,Import,26447098
2015,Brazil,China,Export,78848599
2015,Brazil,China,Import,48852066
2015,Brazil,India,Export,13704253
2015,Brazil,India,Import,17075451
2015,Brazil,Mexico,Export,14698885
2015,Brazil,Mexico,Import,13419239
2015,Brazil,Vietnam,Export,9408275
2015,Brazil,Vietnam,Import,11783366
2015,Brazil,USA,Export,28282598
2015,Brazil,USA,Import,31409882
2015,Mexico,China,Export,12448203
2015,Mexico,China,Import,63307475
2015,Mexico,India,Export,11556574
2015,Mexico,India,Import,13390761
2015,Mexico,Brazil,Export,13476505
2015,Mexico,Brazil,Import,14447247
2015,Mexico,Vietnam,Export,8685204
2015,Mexico,Vietnam,Import,11865564
2015,Mexico,USA,Export,356797906
2015,Mexico,USA,Import,225152248
2015,Vietnam,China,Export,69850935
2015,Vietnam,China,Import,108451434
2015,Vietnam,India,Export,13781092
2015,Vietnam,India,Import,11218858
2015,Vietnam,Brazil,Export,12120433
2015,Vietnam,Brazil,Import,9610566
2015,Vietnam,Mexico,Export,11464702
2015,Vietnam,Mexico,Import,8806558
2015,Vietnam,USA,Export,102501019
2015,Vietnam,USA,Import,9047451
2015,USA,China,Export,94614012
2015,USA,China,Import,302583641
2015,USA,India,Export,27337405
2015,USA,India,Import,60641410
2015,USA,Brazil,Export,32991667
2015,USA,Brazil,Import,27800581
2015,USA,Mexico,Export,235916615
2015,USA,Mexico,Import,359087963
2015,USA,Vietnam,Export,8922696
2015,USA,Vietnam,Import,105864800
2016,China,India,Export,91309974
2016,China,India,Import,14072864
2016,China,Brazil,Export,54052117
2016,China,Brazil,Import,84035348
2016,China,Mexico,Export,69683023
2016,China,Mexico,Import,13756770
2016,China,Vietnam,Export,115049630
2016,China,Vietnam,Import,77380150
2016,China,USA,Export,328145653
2016,China,USA,Import,103023846
2016,India,China,Export,14074973
2016,India,China,Import,91296171
2016,India,Brazil,Export,17760964
2016,India,Brazil,Import,14518062
2016,India,Mexico,Export,14239987
2016,India,Mexico,Import,12390369
2016,India,Vietnam,Export,11872484
2016,India,Vietnam,Import,14295960
2016,India,USA,Export,67488102
2016,India,USA,Import,30445621
2016,Brazil,China,Export,81250173
2016,Brazil,China,Import,56505619
2016,Brazil,India,Export,14613186
2016,Brazil,India,Import,17858517
2016,Brazil,Mexico,Export,15242295
2016,Brazil,Mexico,Import,14245175
2016,Brazil,Vietnam,Export,10074276
2016,Brazil,Vietnam,Import,13087931
2016,Brazil,USA,Export,30312800
2016,Brazil,USA,Import,35117526
2016,Mexico,China,Export,13628521
2016,Mexico,China,Import,66461640
2016,Mexico,India,Export,12311245
2016,Mexico,India,Import,13960589
2016,Mexico,Brazil,Export,14668128
2016,Mexico,Brazil,Import,16309193
2016,Mexico,Vietnam,Export,9658675
2016,Mexico,Vietnam,Import,12637388
2016,Mexico,USA,Export,393365866
2016,Mexico,USA,Import,248837819
2016,Vietnam,China,Export,76928548
2016,Vietnam,China,Import,116900519
2016,Vietnam,India,Export,15252070
2016,Vietnam,India,Import,11930329
2016,Vietnam,Brazil,Export,12871567
2016,Vietnam,Brazil,Import,10120457
2016,Vietnam,Mexico,Export,12126359
2016,Vietnam,Mexico,Import,9533800
2016,Vietnam,USA,Export,110115096
2016,Vietnam,USA,Import,9667453
2016,USA,China,Export,103361074
2016,USA,China,Import,329414477
2016,USA,India,Export,30004856
2016,USA,India,Import,65453978
2016,USA,Brazil,Export,35284279
2016,USA,Brazil,Import,30274918
2016,USA,Mexico,Export,255516516
2016,USA,Mexico,Import,401977167
2016,USA,Vietnam,Export,9815069
2016,USA,Vietnam,Import,109414209
2017,China,India,Export,96327407
2017,China,India,Import,14203358
2017,China,Brazil,Export,58526184
2017,China,Brazil,Import,85737727
2017,China,Mexico,Export,70656550
2017,China,Mexico,Import,14143033
2017,China,Vietnam,Export,124652148
2017,China,Vietnam,Import,79624749
2017,China,USA,Export,353795958
2017,China,USA,Import,106836437
2017,India,China,Export,14275075
2017,India,China,Import,96189770
2017,India,Brazil,Export,18861028
2017,India,Brazil,Import,16218694
2017,India,Mexico,Export,14829092
2017,India,Mexico,Import,12490663
2017,India,Vietnam,Export,12813297
2017,India,Vietnam,Import,15798679
2017,India,USA,Export,68054782
2017,India,USA,Import,30233423
2017,Brazil,China,Export,89308297
2017,Brazil,China,Import,58259627
2017,Brazil,India,Export,15606820
2017,Brazil,India,Import,18628194
2017,Brazil,Mexico,Export,16543440
2017,Brazil,Mexico,Import,14793707
2017,Brazil,Vietnam,Export,10928681
2017,Brazil,Vietnam,Import,13245103
2017,Brazil,USA,Export,31169203
2017,Brazil,USA,Import,35901328
2017,Mexico,China,Export,14233823
2017,Mexico,China,Import,73621742
2017,Mexico,India,Export,12962125
2017,Mexico,India,Import,15522994
2017,Mexico,Brazil,Export,15043124
2017,Mexico,Brazil,Import,16777624
2017,Mexico,Vietnam,Export,9883258
2017,Mexico,Vietnam,Import,13049944
2017,Mexico,USA,Export,398933639
2017,Mexico,USA,Import,264711601
2017,Vietnam,China,Export,78528295
2017,Vietnam,China,Import,122980999
2017,Vietnam,India,Export,15896957
2017,Vietnam,India,Import,12957392
2017,Vietnam,Brazil,Export,13044252
2017,Vietnam,Brazil,Import,10458438
2017,Vietnam,Mexico,Export,12617300
2017,Vietnam,Mexico,Import,9709743
2017,Vietnam,USA,Export,118928868
2017,Vietnam,USA,Import,10141948
2017,USA,China,Export,109303275
2017,USA,China,Import,339510548
2017,USA,India,Export,30751279
2017,USA,India,Import,68330047
2017,USA,Brazil,Export,37363297
2017,USA,Brazil,Import,30897083
2017,USA,Mexico,Export,272099670
2017,USA,Mexico,Import,395036128
2017,USA,Vietnam,Export,9751680
2017,USA,Vietnam,Import,116072166
2018,China,India,Export,101947298
2018,China,India,Import,14619521
2018,China,Brazil,Export,59583984
2018,China,Brazil,Import,91966450
2018,China,Mexico,Export,75452395
2018,China,Mexico,Import,14672207
2018,China,Vietnam,Export,126223415
2018,China,Vietnam,Import,86809743
2018,China,USA,Export,355553502
2018,China,USA,Import,113949851
2018,India,China,Export,14560854
2018,India,China,Import,97762977
2018,India,Brazil,Export,19542000
2018,India,Brazil,Import,16856827
2018,India,Mexico,Export,16229461
2018,India,Mexico,Import,12991131
2018,India,Vietnam,Export,13141641
2018,India,Vietnam,Import,16481049
2018,India,USA,Export,71701288
2018,India,USA,Import,31437045
2018,Brazil,China,Export,89183271
2018,Brazil,China,Import,61336865
2018,Brazil,India,Export,16367928
2018,Brazil,India,Import,19707628
2018,Brazil,Mexico,Export,16923588
2018,Brazil,Mexico,Import,15455729
2018,Brazil,Vietnam,Export,10885769
2018,Brazil,Vietnam,Import,14289896
2018,Brazil,USA,Export,32783778
2018,Brazil,USA,Import,39151238
2018,Mexico,China,Export,14932130
2018,Mexico,China,Import,77418510
2018,Mexico,India,Export,13012691
2018,Mexico,India,Import,15784207
2018,Mexico,Brazil,Export,15594713
2018,Mexico,Brazil,Import,17319414
2018,Mexico,Vietnam,Export,10464497
2018,Mexico,Vietnam,Import,13312034
2018,Mexico,USA,Export,414876426
2018,Mexico,USA,Import,277957782
2018,Vietnam,China,Export,86989462
2018,Vietnam,China,Import,132212478
2018,Vietnam,India,Export,16592227
2018,Vietnam,India,Import,13617101
2018,Vietnam,Brazil,Export,13878046
2018,Vietnam,Brazil,Import,10681845
2018,Vietnam,Mexico,Export,13436976
2018,Vietnam,Mexico,Import,10460801
2018,Vietnam,USA,Export,125165392
2018,Vietnam,USA,Import,10129321
2018,USA,China,Export,108744922
2018,USA,China,Import,351568862
2018,USA,India,Export,32835951
2018,USA,India,Import,73878397
2018,USA,Brazil,Export,38487945
2018,USA,Brazil,Import,33126043
2018,USA,Mexico,Export,272999090
2018,USA,Mexico,Import,419133236
2018,USA,Vietnam,Export,10599657
2018,USA,Vietnam,Import,120743712
2019,China,India,Export,103699772
2019,China,India,Import,15528231
2019,China,Brazil,Export,61211519
2019,China,Brazil,Import,96980278
2019,China,Mexico,Export,76450055
2019,China,Mexico,Import,15370984
2019,China,Vietnam,Export,130067459
2019,China,Vietnam,Import,90141071
2019,China,USA,Export,377489371
2019,China,USA,Import,116025214
2019,India,China,Export,15936121
2019,India,China,Import,108920867
2019,India,Brazil,Export,20431477
2019,India,Brazil,Import,16816813
2019,India,Mexico,Export,16423020
2019,India,Mexico,Import,14271738
2019,India,Vietnam,Export,14248789
2019,India,Vietnam,Import,16864475
2019,India,USA,Export,74664587
2019,India,USA,Import,33460933
2019,Brazil,China,Export,96271227
2019,Brazil,China,Import,63764015
2019,Brazil,India,Export,17201119
2019,Brazil,India,Import,21099843
2019,Brazil,Mexico,Export,17546651
2019,Brazil,Mexico,Import,16601470
2019,Brazil,Vietnam,Export,11839229
2019,Brazil,Vietnam,Import,14917955
2019,Brazil,USA,Export,34263492
2019,Brazil,USA,Import,40736562
2019,Mexico,China,Export,15471699
2019,Mexico,China,Import,80063796
2019,Mexico,India,Export,13591438
2019,Mexico,India,Import,16110937
2019,Mexico,Brazil,Export,16472101
2019,Mexico,Brazil,Import,17642181
2019,Mexico,Vietnam,Export,10874794
2019,Mexico,Vietnam,Import,13711470
2019,Mexico,USA,Export,452313192
2019,Mexico,USA,Import,286289412
2019,Vietnam,China,Export,88942548
2019,Vietnam,China,Import,136346400
2019,Vietnam,India,Export,16428287
2019,Vietnam,India,Import,13809831
2019,Vietnam,Brazil,Export,14909817
2019,Vietnam,Brazil,Import,11434159
2019,Vietnam,Mexico,Export,14282381
2019,Vietnam,Mexico,Import,10757983
2019,Vietnam,USA,Export,133939766
2019,Vietnam,USA,Import,10456231
2019,USA,China,Export,119078725
2019,USA,China,Import,389212875
2019,USA,India,Export,34438106
2019,USA,India,Import,73144470
2019,USA,Brazil,Export,38992289
2019,USA,Brazil,Import,33471098
2019,USA,Mexico,Export,285859918
2019,USA,Mexico,Import,434918587
2019,USA,Vietnam,Export,10920828
2019,USA,Vietnam,Import,133554676
2020,China,India,Export,99545145
2020,China,India,Import,14211096
2020,China,Brazil,Export,57248214
2020,China,Brazil,Import,88061108
2020,China,Mexico,Export,74931391
2020,China,Mexico,Import,14290326
2020,China,Vietnam,Export,126794667
2020,China,Vietnam,Import,82893248
2020,China,USA,Export,351212726
2020,China,USA,Import,106527685
2020,India,China,Export,14793169
2020,India,China,Import,99617970
2020,India,Brazil,Export,18912009
2020,India,Brazil,Import,16039327
2020,India,Mexico,Export,15235405
2020,India,Mexico,Import,12926484
2020,India,Vietnam,Export,12695323
2020,India,Vietnam,Import,15909544
2020,India,USA,Export,71835116
2020,India,USA,Import,30782220
2020,Brazil,China,Export,89759765
2020,Brazil,China,Import,59011574
2020,Brazil,India,Export,16202198
2020,Brazil,India,Import,18724515
2020,Brazil,Mexico,Export,16267794
2020,Brazil,Mexico,Import,15352978
2020,Brazil,Vietnam,Export,10669444
2020,Brazil,Vietnam,Import,13553472
2020,Brazil,USA,Export,33167452
2020,Brazil,USA,Import,37362163
2020,Mexico,China,Export,14438711
2020,Mexico,China,Import,72478565
2020,Mexico,India,Export,12574032
2020,Mexico,India,Import,15004444
2020,Mexico,Brazil,Export,15549649
2020,Mexico,Brazil,Import,17017295
2020,Mexico,Vietnam,Export,10133488
2020,Mexico,Vietnam,Import,12684308
2020,Mexico,USA,Export,405699694
2020,Mexico,USA,Import,263527662
2020,Vietnam,China,Export,81320750
2020,Vietnam,China,Import,125266272
2020,Vietnam,India,Export,15499169
2020,Vietnam,India,Import,13341630
2020,Vietnam,Brazil,Export,13465582
2020,Vietnam,Brazil,Import,10578774
2020,Vietnam,Mexico,Export,12679556
2020,Vietnam,Mexico,Import,9924570
2020,Vietnam,USA,Export,118515069
2020,Vietnam,USA,Import,10029264
2020,USA,China,Export,108020023
2020,USA,China,Import,361866349
2020,USA,India,Export,31846048
2020,USA,India,Import,68587852
2020,USA,Brazil,Export,36451882
2020,USA,Brazil,Import,31666322
2020,USA,Mexico,Export,268747875
2020,USA,Mexico,Import,409923191
2020,USA,Vietnam,Export,10271191
2020,USA,Vietnam,Import,120237135
2021,China,India,Export,126495069
2021,China,India,Import,17750015
2021,China,Brazil,Export,72627337
2021,China,Brazil,Import,115621826
2021,China,Mexico,Export,92022380
2021,China,Mexico,Import,18409563
2021,China,Vietnam,Export,161077826
2021,China,Vietnam,Import,104884676
2021,China,USA,Export,461050488
2021,China,USA,Import,135574481
2021,India,China,Export,18607108
2021,India,China,Import,121498556
2021,India,Brazil,Export,24800502
2021,India,Brazil,Import,19467870
2021,India,Mexico,Export,19770610
2021,India,Mexico,Import,16338983
2021,India,Vietnam,Export,16886218
2021,India,Vietnam,Import,20488724
2021,India,USA,Export,89751169
2021,India,USA,Import,40002054
2021,Brazil,China,Export,113627623
2021,Brazil,China,Import,75112769
2021,Brazil,India,Export,20521272
2021,Brazil,India,Import,24181905
2021,Brazil,Mexico,Export,20823666
2021,Brazil,Mexico,Import,19208577
2021,Brazil,Vietnam,Export,13643971
2021,Brazil,Vietnam,Import,16574011
2021,Brazil,USA,Export,40055481
2021,Brazil,USA,Import,45920630
2021,Mexico,China,Export,18032156
2021,Mexico,China,Import,90147895
2021,Mexico,India,Export,16679554
2021,Mexico,India,Import,19209104
2021,Mexico,Brazil,Export,19127097
2021,Mexico,Brazil,Import,21176349
2021,Mexico,Vietnam,Export,12784637
2021,Mexico,Vietnam,Import,16129398
2021,Mexico,USA,Export,531236252
2021,Mexico,USA,Import,346276071
2021,Vietnam,China,Export,102559455
2021,Vietnam,China,Import,158055579
2021,Vietnam,India,Export,19298500
2021,Vietnam,India,Import,16857015
2021,Vietnam,Brazil,Export,17006652
2021,Vietnam,Brazil,Import,13492513
2021,Vietnam,Mexico,Export,16754814
2021,Vietnam,Mexico,Import,12088852
2021,Vietnam,USA,Export,155081825
2021,Vietnam,USA,Import,12755594
2021,USA,China,Export,139327637
2021,USA,China,Import,450950911
2021,USA,India,Export,39798320
2021,USA,India,Import,89795662
2021,USA,Brazil,Export,46638090
2021,USA,Brazil,Import,39603149
2021,USA,Mexico,Export,333270575
2021,USA,Mexico,Import,521588520
2021,USA,Vietnam,Export,12296953
2021,USA,Vietnam,Import,147547527
2022,China,India,Export,127155751
2022,China,India,Import,17835507
2022,China,Brazil,Export,75398331
2022,China,Brazil,Import,107337216
2022,China,Mexico,Export,95101687
2022,China,Mexico,Import,18998385
2022,China,Vietnam,Export,159986129
2022,China,Vietnam,Import,103760444
2022,China,USA,Export,449906131
2022,China,USA,Import,138875246
2022,India,China,Export,18507422
2022,India,China,Import,121122006
2022,India,Brazil,Export,24020367
2022,India,Brazil,Import,20624176
2022,India,Mexico,Export,19009943
2022,India,Mexico,Import,15912896
2022,India,Vietnam,Export,15733099
2022,India,Vietnam,Import,19630390
2022,India,USA,Export,86414863
2022,India,USA,Import,39499415
2022,Brazil,China,Export,109743966
2022,Brazil,China,Import,73829003
2022,Brazil,India,Export,20511812
2022,Brazil,India,Import,24903020
2022,Brazil,Mexico,Export,20998266
2022,Brazil,Mexico,Import,18736087
2022,Brazil,Vietnam,Export,13629690
2022,Brazil,Vietnam,Import,17223734
2022,Brazil,USA,Export,39230356
2022,Brazil,USA,Import,46694947
2022,Mexico,China,Export,17856312
2022,Mexico,China,Import,90533185
2022,Mexico,India,Export,16587223
2022,Mexico,India,Import,18542296
2022,Mexico,Brazil,Export,18909900
2022,Mexico,Brazil,Import,21218016
2022,Mexico,Vietnam,Export,12151904
2022,Mexico,Vietnam,Import,16824851
2022,Mexico,USA,Export,523785912
2022,Mexico,USA,Import,343365053
2022,Vietnam,China,Export,107281838
2022,Vietnam,China,Import,152933534
2022,Vietnam,India,Export,19180316
2022,Vietnam,India,Import,16532091
2022,Vietnam,Brazil,Export,16936995
2022,Vietnam,Brazil,Import,13220693
2022,Vietnam,Mexico,Export,16634975
2022,Vietnam,Mexico,Import,12477544
2022,Vietnam,USA,Export,151360129
2022,Vietnam,USA,Import,12738469
2022,USA,China,Export,134139628
2022,USA,China,Import,446389535
2022,USA,India,Export,40097521
2022,USA,India,Import,86518843
2022,USA,Brazil,Export,47865745
2022,USA,Brazil,Import,41046088
2022,USA,Mexico,Export,338378834
2022,USA,Mexico,Import,510208934
2022,USA,Vietnam,Export,12833557
2022,USA,Vietnam,Import,149195662
2023,China,India,Export,129762976
2023,China,India,Import,18605777
2023,China,Brazil,Export,78984814
2023,China,Brazil,Import,119722952
2023,China,Mexico,Export,96575739
2023,China,Mexico,Import,19055501
2023,China,Vietnam,Export,162884404
2023,China,Vietnam,Import,106882255
2023,China,USA,Export,465507782
2023,China,USA,Import,140906387
2023,India,China,Export,18833387
2023,India,China,Import,126200573
2023,India,Brazil,Export,25165821
2023,India,Brazil,Import,21309958
2023,India,Mexico,Export,20538670
2023,India,Mexico,Import,16772066
2023,India,Vietnam,Export,16802281
2023,India,Vietnam,Import,20117739
2023,India,USA,Export,89530371
2023,India,USA,Import,40344082
2023,Brazil,China,Export,118574912
2023,Brazil,China,Import,78098064
2023,Brazil,India,Export,20799309
2023,Brazil,India,Import,25344355
2023,Brazil,Mexico,Export,21540524
2023,Brazil,Mexico,Import,19693108
2023,Brazil,Vietnam,Export,14330015
2023,Brazil,Vietnam,Import,17248980
2023,Brazil,USA,Export,43363594
2023,Brazil,USA,Import,48779731
2023,Mexico,China,Export,18481331
2023,Mexico,China,Import,96515526
2023,Mexico,India,Export,16573883
2023,Mexico,India,Import,20301927
2023,Mexico,Brazil,Export,19601739
2023,Mexico,Brazil,Import,21688963
2023,Mexico,Vietnam,Export,13092792
2023,Mexico,Vietnam,Import,16769228
2023,Mexico,USA,Export,539269260
2023,Mexico,USA,Import,341744339
2023,Vietnam,China,Export,106892189
2023,Vietnam,China,Import,167373360
2023,Vietnam,India,Export,20491275
2023,Vietnam,India,Import,17306235
2023,Vietnam,Brazil,Export,17480058
2023,Vietnam,Brazil,Import,14239068
2023,Vietnam,Mexico,Export,16709673
2023,Vietnam,Mexico,Import,12444777
2023,Vietnam,USA,Export,159644781
2023,Vietnam,USA,Import,13227119
2023,USA,China,Export,141851463
2023,USA,China,Import,457763827
2023,USA,India,Export,41134916
2023,USA,India,Import,92673182
2023,USA,Brazil,Export,49812885
2023,USA,Brazil,Import,42916187
2023,USA,Mexico,Export,352187410
2023,USA,Mexico,Import,544258147
2023,USA,Vietnam,Export,13456384
2023,USA,Vietnam,Import,158372593
2024,China,India,Export,138159860
2024,China,India,Import,19828820
2024,China,Brazil,Export,78712784
2024,China,Brazil,Import,124705099
2024,China,Mexico,Export,103541411
2024,China,Mexico,Import,20422994
2024,China,Vietnam,Export,167077553
2024,China,Vietnam,Import,111180057
2024,China,USA,Export,485005598
2024,China,USA,Import,146038766
2024,India,China,Export,19068039
2024,India,China,Import,137850358
2024,India,Brazil,Export,25535170
2024,India,Brazil,Import,21154426
2024,India,Mexico,Export,20500724
2024,India,Mexico,Import,17283112
2024,India,Vietnam,Export,18073658
2024,India,Vietnam,Import,22034115
2024,India,USA,Export,96932797
2024,India,USA,Import,42446489
2024,Brazil,China,Export,118466518
2024,Brazil,China,Import,80926742
2024,Brazil,India,Export,21448996
2024,Brazil,India,Import,26167289
2024,Brazil,Mexico,Export,22227091
2024,Brazil,Mexico,Import,20407807
2024,Brazil,Vietnam,Export,14402511
2024,Brazil,Vietnam,Import,18459012
2024,Brazil,USA,Export,44110329
2024,Brazil,USA,Import,50344037
2024,Mexico,China,Export,20449542
2024,Mexico,China,Import,100425687
2024,Mexico,India,Export,17108530
2024,Mexico,India,Import,20788107
2024,Mexico,Brazil,Export,20375117
2024,Mexico,Brazil,Import,22649963
2024,Mexico,Vietnam,Export,13294567
2024,Mexico,Vietnam,Import,17690666
2024,Mexico,USA,Export,580574363
2024,Mexico,USA,Import,365410765
2024,Vietnam,China,Export,116786619
2024,Vietnam,China,Import,175366257
2024,Vietnam,India,Export,21895579
2024,Vietnam,India,Import,18219167
2024,Vietnam,Brazil,Export,18186962
2024,Vietnam,Brazil,Import,14481583
2024,Vietnam,Mexico,Export,17701291
2024,Vietnam,Mexico,Import,12929728
2024,Vietnam,USA,Export,165521063
2024,Vietnam,USA,Import,13834218
2024,USA,China,Export,152539828
2024,USA,China,Import,485920058
2024,USA,India,Export,43139945
2024,USA,India,Import,97185319
2024,USA,Brazil,Export,49142517
2024,USA,Brazil,Import,44307691
2024,USA,Mexico,Export,375617508
2024,USA,Mexico,Import,568669158
2024,USA,Vietnam,Export,13118365
2024,USA,Vietnam,Import,160971721
2025,China,India,Export,135981699
2025,China,India,Import,21430442
2025,China,Brazil,Export,85207682
2025,China,Brazil,Import,126382783
2025,China,Mexico,Export,104167659
2025,China,Mexico,Import,20552665
2025,China,Vietnam,Export,182908493
2025,China,Vietnam,Import,118217581
2025,China,USA,Export,522914467
2025,China,USA,Import,147748145
2025,India,China,Export,21086433
2025,India,China,Import,134152975
2025,India,Brazil,Export,28106669
2025,India,Brazil,Import,22754832
2025,India,Mexico,Export,21373629
2025,India,Mexico,Import,17651386
2025,India,Vietnam,Export,18068691
2025,India,Vietnam,Import,23291589
2025,India,USA,Export,97469910
2025,India,USA,Import,43196439
2025,Brazil,China,Export,122847705
2025,Brazil,China,Import,84441698
2025,Brazil,India,Export,22995075
2025,Brazil,India,Import,27511789
2025,Brazil,Mexico,Export,23118349
2025,Brazil,Mexico,Import,21506380
2025,Brazil,Vietnam,Export,15267615
2025,Brazil,Vietnam,Import,19672885
2025,Brazil,USA,Export,45952613
2025,Brazil,USA,Import,52714190
2025,Mexico,China,Export,20581474
2025,Mexico,China,Import,104450574
2025,Mexico,India,Export,17913123
2025,Mexico,India,Import,22211691
2025,Mexico,Brazil,Export,21047202
2025,Mexico,Brazil,Import,23265686
2025,Mexico,Vietnam,Export,13690601
2025,Mexico,Vietnam,Import,18083696
2025,Mexico,USA,Export,565601730
2025,Mexico,USA,Import,374305561
2025,Vietnam,China,Export,121171615
2025,Vietnam,China,Import,173978565
2025,Vietnam,India,Export,22650788
2025,Vietnam,India,Import,18321900
2025,Vietnam,Brazil,Export,18909816
2025,Vietnam,Brazil,Import,15199648
2025,Vietnam,Mexico,Export,18683343
2025,Vietnam,Mexico,Import,13737934
2025,Vietnam,USA,Export,179918980
2025,Vietnam,USA,Import,13462696
2025,USA,China,Export,152233877
2025,USA,China,Import,510361307
2025,USA,India,Export,45328958
2025,USA,India,Import,96815413
2025,USA,Brazil,Export,51444651
2025,USA,Brazil,Import,44480856
2025,USA,Mexico,Export,369536112
2025,USA,Mexico,Import,570075850
2025,USA,Vietnam,Export,13522256
2025,USA,Vietnam,Import,177800210
2026,China,India,Export,144933854
2026,China,India,Import,21564327
2026,China,Brazil,Export,89509631
2026,China,Brazil,Import,126427577
2026,China,Mexico,Export,107380419
2026,China,Mexico,Import,21811142
2026,China,Vietnam,Export,180837102
2026,China,Vietnam,Import,130314816
2026,China,USA,Export,542624361
2026,China,USA,Import,158279314
2026,India,China,Export,21871706
2026,India,China,Import,142873084
2026,India,Brazil,Export,28380091
2026,India,Brazil,Import,22948377
2026,India,Mexico,Export,23224819
2026,India,Mexico,Import,19193830
2026,India,Vietnam,Export,18712142
2026,India,Vietnam,Import,23545585
2026,India,USA,Export,102864561
2026,India,USA,Import,45511183
2026,Brazil,China,Export,128993819
2026,Brazil,China,Import,87054251
2026,Brazil,India,Export,22798344
2026,Brazil,India,Import,27896003
2026,Brazil,Mexico,Export,24512186
2026,Brazil,Mexico,Import,21926823
2026,Brazil,Vietnam,Export,15487970
2026,Brazil,Vietnam,Import,20020281
2026,Brazil,USA,Export,47163074
2026,Brazil,USA,Import,53549245
2026,Mexico,China,Export,21736246
2026,Mexico,China,Import,113024467
2026,Mexico,India,Export,19425226
2026,Mexico,India,Import,22877560
2026,Mexico,Brazil,Export,22322206
2026,Mexico,Brazil,Import,25131222
2026,Mexico,Vietnam,Export,14387477
2026,Mexico,Vietnam,Import,20309208
2026,Mexico,USA,Export,624563263
2026,Mexico,USA,Import,400994454
2026,Vietnam,China,Export,123614616
2026,Vietnam,China,Import,185449905
2026,Vietnam,India,Export,24047181
2026,Vietnam,India,Import,19940031
2026,Vietnam,Brazil,Export,20168395
2026,Vietnam,Brazil,Import,15680140
2026,Vietnam,Mexico,Export,20149938
2026,Vietnam,Mexico,Import,14605692
2026,Vietnam,USA,Export,188781598
2026,Vietnam,USA,Import,14330274
2026,USA,China,Export,160418339
2026,USA,China,Import,515994399
2026,USA,India,Export,45179908
2026,USA,India,Import,104687599
2026,USA,Brazil,Export,54144686
2026,USA,Brazil,Import,46503942
2026,USA,Mexico,Export,400086654
2026,USA,Mexico,Import,603801825
2026,USA,Vietnam,Export,14652493
2026,USA,Vietnam,Import,181975069
